amostra,dap
am1,19.689999999999998
am2,10.31
am3,15.91
am4,14.88
am5,10.98
am1,16.96
am2,6.779999999999999
am3,12.86
am4,16.57
am5,11.46
am1,16.130000000000003
am2,9.55
am3,15.64
am4,16.8
am5,12.49
am1,16.05
am2,9.97
am3,15.79
am4,16.14
am5,15.6
am1,19.240000000000002
am2,8.77
am3,16.8
am4,13.8
am5,10.84
am1,21.19
am2,10.64
am3,18.57
am4,14.52
am5,10.96
am1,17.75
am2,2.92
am3,16.880000000000003
am4,14.5
am5,13.48
am1,19.15
am2,8.09
am3,19.71
am4,14.09
am5,12.6
